Nomestado,Anio,Volumen
Campeche,2006.0,6015.92
Campeche,2007.0,8205.63
Campeche,2008.0,8816.567
Campeche,2009.0,7005.7919999999995
Campeche,2010.0,5434.680000000001
Campeche,2011.0,8344.475999999999
Campeche,2012.0,7715.634
Campeche,2013.0,5715.4079999999985
Campeche,2014.0,7083.125
Campeche,2015.0,7735.817999999998
Campeche,2016.0,5834.451
Campeche,2017.0,3767.484
